بازگشایی,کمترین,بیشترین,پایانی,میزان تغییر,درصد تغییر,تاریخ / میلادی,تاریخ / شمسی
"4,356.42","4,342.19","4,432.77","4,413.88",55.41,1.27%,2026/09/09,1405/06/18
"4,413.67","4,356.55","4,441.71","4,358.47",46.51,1.07%,2026/09/08,1405/06/17
"4,422.83","4,381.36","4,433.87","4,404.98",27.58,0.63%,2026/09/07,1405/06/16
"4,429.31","4,428.79","4,432.56","4,432.56",2.96,0.07%,2026/09/05,1405/06/14
"4,472.11","4,376.28","4,489.29","4,429.60",42.31,0.96%,2026/09/04,1405/06/13
"4,387.52","4,382.20","4,510.20","4,471.91",84.82,1.93%,2026/09/03,1405/06/12
"4,326.06","4,284.63","4,393.94","4,387.09",58.38,1.35%,2026/09/02,1405/06/11
"4,447.96","4,324.94","4,460.40","4,328.71",118.4,2.74%,2026/09/01,1405/06/10
"4,442.11","4,401.52","4,468.94","4,447.11",6.97,0.16%,2026/08/31,1405/06/09
"4,456.30","4,453.12","4,458.43","4,454.08",0.08,-,2026/08/29,1405/06/07
"4,603.46","4,448.86","4,624.85","4,454",148.86,3.34%,2026/08/28,1405/06/06
"4,608.75","4,570","4,616.04","4,602.86",7.91,0.17%,2026/08/27,1405/06/05
"4,663.19","4,604.31","4,673.24","4,610.77",53.31,1.16%,2026/08/26,1405/06/04
"4,648.53","4,608.39","4,695.68","4,664.08",14.41,0.31%,2026/08/25,1405/06/03
"4,622.07","4,601.43","4,679.86","4,649.67",42.32,0.92%,2026/08/24,1405/06/02
"4,610.35","4,603","4,610.72","4,607.35",3.64,0.08%,2026/08/22,1405/05/31
"4,519.32","4,469.90","4,630.45","4,610.99",90.52,2%,2026/08/21,1405/05/30
"4,523.07","4,453.28","4,536.34","4,520.47",0.46,0.01%,2026/08/20,1405/05/29
"4,338.83","4,325.82","4,520.92","4,520.01",182.8,4.21%,2026/08/19,1405/05/28
"4,415.07","4,335.02","4,433.49","4,337.21",78.16,1.8%,2026/08/18,1405/05/27
"4,378.38","4,368.17","4,427.66","4,415.37",39.87,0.91%,2026/08/17,1405/05/26
"4,374.17","4,373.83","4,376.13","4,375.50",1.18,0.03%,2026/08/15,1405/05/24
"4,349.08","4,312.82","4,394.40","4,374.32",22.61,0.52%,2026/08/14,1405/05/23
"4,407.07","4,343.68","4,441.33","4,351.71",56.45,1.3%,2026/08/13,1405/05/22
"4,369.85","4,364.66","4,436.95","4,408.16",37.79,0.86%,2026/08/12,1405/05/21
"4,391.21","4,357.39","4,434.75","4,370.37",18.4,0.42%,2026/08/11,1405/05/20
"4,391.21","4,314.22","4,393.77","4,388.77",-,-,2026/08/10,1405/05/19
"4,340","4,337.43","4,343.43","4,343.43",6.04,0.14%,2026/08/08,1405/05/17
"4,240.96","4,219.90","4,370.37","4,337.39",95.18,2.24%,2026/08/07,1405/05/16
"4,247.58","4,225.06","4,303.2450","4,242.21",3.815,0.09%,2026/08/06,1405/05/15
"4,077.48","4,077.48","4,265.75","4,246.0250",169.655,4.16%,2026/08/05,1405/05/14
"4,057.46","4,043.59","4,104.3150","4,076.37",22.06,0.54%,2026/08/04,1405/05/13
"4,072.63","4,025.6250","4,078.5750","4,054.31",9.145,0.23%,2026/08/03,1405/05/12
"4,050.64","4,044.2850","4,052.3450","4,045.1650",2.04,0.05%,2026/08/01,1405/05/10
"4,106.9250","4,021.98","4,111.68","4,047.2050",65.455,1.62%,2026/07/31,1405/05/09
"4,062.5550","4,030.06","4,118.61","4,112.66",55.35,1.36%,2026/07/30,1405/05/08
"4,029.0950","3,998.8750","4,116.0950","4,057.31",29.905,0.74%,2026/07/29,1405/05/07
"4,077.7750","4,013.2650","4,081.0950","4,027.4050",51.04,1.27%,2026/07/28,1405/05/06
"4,089.20","4,065.83","4,115.6950","4,078.4450",25.6,0.63%,2026/07/27,1405/05/05
"4,054.40","4,052.5650","4,056.25","4,052.8450",0.795,0.02%,2026/07/25,1405/05/03
"4,049.6850","4,022.3150","4,081.6950","4,053.64",4.43,0.11%,2026/07/24,1405/05/02
"4,134.2450","4,040.5250","4,141.03","4,049.21",87.875,2.17%,2026/07/23,1405/05/01
"4,008.29","4,008.29","4,166","4,137.0850",61.265,1.5%,2026/07/22,1405/04/31
"4,063.65","4,048.56","4,082.71","4,075.82",67.53,1.68%,2026/07/21,1405/04/30
"4,007.98","3,994.05","4,034.43","4,008.29",9.31,0.23%,2026/07/20,1405/04/29
"4,017.23","4,017.23","4,017.60","4,017.60",45.03,1.13%,2026/07/18,1405/04/27
"4,061.90","3,970.29","4,065.19","3,972.57",89.63,2.26%,2026/07/16,1405/04/25
"4,051.03","4,018.04","4,078.82","4,062.20",9.14,0.23%,2026/07/15,1405/04/24
"3,997.50","3,986.50","4,100.19","4,053.06",53.66,1.34%,2026/07/14,1405/04/23
"4,096.53","3,987.02","4,121.08","3,999.40",121.68,3.04%,2026/07/13,1405/04/22
"4,111.07","4,110.98","4,121.08","4,121.08",9.83,0.24%,2026/07/11,1405/04/20
"4,125.47","4,086.05","4,133.30","4,111.25",10.06,0.24%,2026/07/10,1405/04/19
"4,073.48","4,054.37","4,138.13","4,121.31",46.24,1.13%,2026/07/09,1405/04/18
"4,107.15","4,023.25","4,133.70","4,075.07",35.91,0.88%,2026/07/08,1405/04/17
"4,163.54","4,092.29","4,179.53","4,110.98",52.26,1.27%,2026/07/07,1405/04/16
"4,178.38","4,132.50","4,200.97","4,163.24",12.46,0.3%,2026/07/06,1405/04/15
"4,175.70","4,175.38","4,175.70","4,175.70",0.32,0.01%,2026/07/04,1405/04/13
"4,123.85","4,119.44","4,195.11","4,175.38",52.06,1.26%,2026/07/03,1405/04/12
"4,035.74","4,030.78","4,142.86","4,123.32",85.53,2.12%,2026/07/02,1405/04/11
"4,011.26","3,961.26","4,113.85","4,037.79",24.89,0.62%,2026/07/01,1405/04/10
"4,015.43","3,952.13","4,060.08","4,012.90",3.32,0.08%,2026/06/30,1405/04/09
"4,076.12","4,004.43","4,089.26","4,016.22",73.04,1.82%,2026/06/29,1405/04/08
"4,069.46","4,068.95","4,090.32","4,089.26",16.65,0.41%,2026/06/27,1405/04/06
"4,026.88","3,983.32","4,095.14","4,072.61",43.11,1.07%,2026/06/26,1405/04/05
"3,998.64","3,965.83","4,043.94","4,029.50",29.65,0.74%,2026/06/25,1405/04/04
"4,010.16","3,967.23","4,010.16","3,999.85",136.88,3.42%,2026/06/24,1405/04/03
"4,191.84","4,091.87","4,195.19","4,136.73",54.2,1.31%,2026/06/23,1405/04/02
"4,141.47","4,136.92","4,217.02","4,190.93",30.67,0.74%,2026/06/22,1405/04/01
"4,160.26","4,160.26","4,160.26","4,160.26",5.78,0.14%,2026/06/20,1405/03/30
"4,215.87","4,123.21","4,216.89","4,154.48",63.43,1.53%,2026/06/19,1405/03/29
"4,265.70","4,202.95","4,329.29","4,217.91",43.64,1.03%,2026/06/18,1405/03/28
"4,332.91","4,221.03","4,380.88","4,261.55",72.13,1.69%,2026/06/17,1405/03/27
"4,311.69","4,306.54","4,354.62","4,333.68",19.9,0.46%,2026/06/16,1405/03/26
"4,269.12","4,219.32","4,368.42","4,313.78",94.46,2.24%,2026/06/15,1405/03/25
"4,213.43","4,213.10","4,219.32","4,219.32",5.23,0.12%,2026/06/13,1405/03/23
"4,213.70","4,171.16","4,243.83","4,214.09",1.05,0.02%,2026/06/12,1405/03/22
"4,076.50","4,024.80","4,218.23","4,213.04",134.18,3.29%,2026/06/11,1405/03/21
"4,260.40","4,071.25","4,262.23","4,078.86",180.73,4.43%,2026/06/10,1405/03/20
"4,326.42","4,238.11","4,349.25","4,259.59",66.53,1.56%,2026/06/09,1405/03/19
"4,328.72","4,271.38","4,352.53","4,326.12",3.21,0.07%,2026/06/08,1405/03/18
"4,323.21","4,314.19","4,330.38","4,329.33",4.46,0.1%,2026/06/06,1405/03/16
"4,477.76","4,312.04","4,480.98","4,324.87",152.93,3.54%,2026/06/05,1405/03/15
"4,466.20","4,451.80","4,514.28","4,477.80",39.26,0.88%,2026/06/04,1405/03/14
"4,490.11","4,429.83","4,496.24","4,438.54",51.22,1.15%,2026/06/03,1405/03/13
"4,483.49","4,465.31","4,540.09","4,489.76",6.64,0.15%,2026/06/02,1405/03/12
"4,521.87","4,448.64","4,545.66","4,483.12",56.15,1.25%,2026/06/01,1405/03/11
"4,543.03","4,539.27","4,544.66","4,539.27",4.75,0.1%,2026/05/30,1405/03/09
"4,497.82","4,489.82","4,593.95","4,544.02",45.29,1.01%,2026/05/29,1405/03/08
"4,453.73","4,367.12","4,516.68","4,498.73",43.39,0.97%,2026/05/28,1405/03/07
"4,409.27","4,405.38","4,458.54","4,455.34",51.37,1.15%,2026/05/27,1405/03/06
"4,572.89","4,482.84","4,579.90","4,506.71",63.15,1.4%,2026/05/26,1405/03/05
"4,540.56","4,509.38","4,579.33","4,569.86",60.48,1.34%,2026/05/25,1405/03/04
"4,506.63","4,504.77","4,510.34","4,509.38",0.32,0.01%,2026/05/23,1405/03/02
"4,540.89","4,493.32","4,545.89","4,509.70",31.37,0.7%,2026/05/22,1405/03/01
"4,544.17","4,490.47","4,570.25","4,541.07",4.27,0.09%,2026/05/21,1405/02/31
"4,484.54","4,455.35","4,550.41","4,545.34",58.99,1.31%,2026/05/20,1405/02/30
"4,563.45","4,468.54","4,588.84","4,486.35",77.73,1.73%,2026/05/19,1405/02/29
"4,535.50","4,480.79","4,583.77","4,564.08",24.01,0.53%,2026/05/18,1405/02/28
"4,647.93","4,512.77","4,665.37","4,540.07",107.8,2.37%,2026/05/15,1405/02/25
"4,690.51","4,647.37","4,716.47","4,647.87",44.93,0.97%,2026/05/14,1405/02/24
"4,714.96","4,670.95","4,726.09","4,692.80",20.41,0.43%,2026/05/13,1405/02/23
"4,738.27","4,638.57","4,773.06","4,713.21",21.64,0.46%,2026/05/12,1405/02/22
"4,685.15","4,649.21","4,747.64","4,734.85",19.96,0.42%,2026/05/11,1405/02/21
"4,717.45","4,714.85","4,718.04","4,714.89",1.42,0.03%,2026/05/09,1405/02/19
"4,713.50","4,682.44","4,746.78","4,716.31",5.41,0.11%,2026/05/08,1405/02/18
"4,702.20","4,693.30","4,775.20","4,710.90",16.6,0.35%,2026/05/07,1405/02/17
"4,569.30","4,556.10","4,734.60","4,694.30",135.41,2.97%,2026/05/06,1405/02/16
"4,516.25","4,513.76","4,586.46","4,558.89",44.22,0.98%,2026/05/05,1405/02/15
"4,626.44","4,507.56","4,629.01","4,514.67",100.28,2.22%,2026/05/04,1405/02/14
"4,614.95","4,614.95","4,614.95","4,614.95",16.12,0.35%,2026/05/02,1405/02/12
"4,544.64","4,540.27","4,631.07","4,631.07",87.45,1.92%,2026/04/30,1405/02/10
"4,580.34","4,512.42","4,580.34","4,543.62",86.38,1.9%,2026/04/29,1405/02/09
"4,630","4,630","4,630","4,630",70.3,1.52%,2026/04/28,1405/02/08
"4,699.11","4,674.83","4,710.79","4,700.30",8.95,0.19%,2026/04/27,1405/02/07
"4,706.08","4,705.73","4,710.57","4,709.25",1.18,0.03%,2026/04/25,1405/02/05
"4,690.37","4,658.98","4,737.63","4,708.07",17.16,0.37%,2026/04/24,1405/02/04
"4,738.83","4,673.35","4,750.98","4,690.91",45.61,0.97%,2026/04/23,1405/02/03
"4,710.42","4,708.51","4,771.95","4,736.52",30.23,0.64%,2026/04/22,1405/02/02
"4,813.81","4,669.79","4,832.73","4,706.29",110.34,2.34%,2026/04/21,1405/02/01
"4,768.36","4,739.26","4,830.43","4,816.63",13.8,0.29%,2026/04/20,1405/01/31
"4,846.42","4,830.43","4,848.91","4,830.43",16.23,0.34%,2026/04/18,1405/01/29
"4,789.08","4,769.33","4,884.92","4,846.66",57.74,1.21%,2026/04/17,1405/01/28
"4,790.95","4,773.57","4,837.40","4,788.92",5.37,0.11%,2026/04/16,1405/01/27
"4,840.81","4,789.10","4,870.96","4,794.29",45.96,0.96%,2026/04/15,1405/01/26
"4,740.07","4,738.34","4,846.17","4,840.25",100.62,2.12%,2026/04/14,1405/01/25
"4,670.21","4,645.77","4,749.18","4,739.63",8.55,0.18%,2026/04/13,1405/01/24
"4,748.41","4,745.05","4,752.48","4,748.18",3.13,0.07%,2026/04/11,1405/01/22
"4,771.22","4,732.17","4,793.95","4,745.05",26.16,0.55%,2026/04/10,1405/01/21
"4,722.95","4,699.54","4,801.01","4,771.21",47.54,1.01%,2026/04/09,1405/01/20
"4,714.29","4,700.18","4,851.54","4,723.67",12.26,0.26%,2026/04/08,1405/01/19
"4,657.35","4,611.55","4,712.41","4,711.41",54.95,1.18%,2026/04/07,1405/01/18
"4,644.08","4,602.07","4,706.01","4,656.46",19.96,0.43%,2026/04/06,1405/01/17
"4,676.42","4,543.23","4,676.42","4,676.42",133.19,2.93%,2026/04/04,1405/01/15
"4,504.42","4,488.61","4,619","4,543.23",37.92,0.84%,2026/03/31,1405/01/11
"4,474.99","4,424.94","4,579.50","4,505.31",12.32,0.27%,2026/03/30,1405/01/10
"4,504.28","4,491.96","4,512.66","4,492.99",11.89,0.26%,2026/03/28,1405/01/08
"4,401.54","4,375.34","4,550.12","4,504.88",104.59,2.38%,2026/03/27,1405/01/07
"4,521.71","4,351.66","4,542.67","4,400.29",124.06,2.82%,2026/03/26,1405/01/06
"4,460.86","4,453.37","4,600.73","4,524.35",66.65,1.5%,2026/03/25,1405/01/05
"4,403.62","4,310.12","4,475.34","4,457.70",50.79,1.15%,2026/03/24,1405/01/04
"4,484.66","4,101.07","4,532.81","4,406.91",84.24,1.91%,2026/03/23,1405/01/03
"4,504.04","4,491.15","4,509.45","4,491.15",17.56,0.39%,2026/03/21,1405/01/01
"4,656.69","4,477.50","4,735.34","4,508.71",151.55,3.36%,2026/03/20,1404/12/29
"4,813.98","4,503.47","4,865.88","4,660.26",157.91,3.39%,2026/03/19,1404/12/28
"5,003.45","4,818.17","5,015.24","4,818.17",185.54,3.85%,2026/03/18,1404/12/27
"5,015.55","4,980.62","5,044.54","5,003.71",12.43,0.25%,2026/03/17,1404/12/26
"5,015.50","4,971.74","5,036.65","5,016.14",3.11,0.06%,2026/03/16,1404/12/25
"5,017.03","5,013.28","5,024.86","5,019.25",5.83,0.12%,2026/03/14,1404/12/23
"5,069.58","5,010.23","5,127.35","5,013.42",62.98,1.26%,2026/03/13,1404/12/22
"5,176.75","5,076.40","5,191.07","5,076.40",102.1,2.01%,2026/03/12,1404/12/21
"5,194","5,158.36","5,220.35","5,178.50",16.85,0.33%,2026/03/11,1404/12/20
"5,139.37","5,122.05","5,237.81","5,195.35",57.13,1.11%,2026/03/10,1404/12/19
"5,190.08","5,021.13","5,190.08","5,138.22",32.9,0.64%,2026/03/09,1404/12/18
"5,154.22","5,151.02","5,175.02","5,171.12",13.31,0.26%,2026/03/07,1404/12/16
"5,077.69","5,064.03","5,174.45","5,157.81",88.56,1.75%,2026/03/06,1404/12/15
"5,129.44","5,056.79","5,193.44","5,069.25",68.02,1.34%,2026/03/05,1404/12/14
"5,125.08","5,084.57","5,205.51","5,137.27",10.47,0.2%,2026/03/04,1404/12/13
"5,339.55","5,000.87","5,379.64","5,126.80",207.5,4.05%,2026/03/03,1404/12/12
"5,317.55","5,264.86","5,417.66","5,334.30",56.4,1.07%,2026/03/02,1404/12/11
"5,259.79","5,234.92","5,280.22","5,277.90",25.99,0.49%,2026/02/28,1404/12/09
"5,199.06","5,168.97","5,259.94","5,251.91",57.03,1.1%,2026/02/27,1404/12/08
"5,189.82","5,141.81","5,204.65","5,194.88",23.72,0.46%,2026/02/26,1404/12/07
"5,149.63","5,127.26","5,217.71","5,171.16",21.32,0.41%,2026/02/25,1404/12/06
"5,228.52","5,101.53","5,248.61","5,149.84",75,1.46%,2026/02/24,1404/12/05
"5,111.40","5,104.34","5,224.84","5,224.84",120.5,2.36%,2026/02/23,1404/12/04
"5,084.02","5,070.93","5,107.32","5,104.34",20.58,0.4%,2026/02/21,1404/12/02
"4,996.72","4,987.03","5,086.14","5,083.76",87.49,1.75%,2026/02/20,1404/12/01
"4,981.78","4,960.81","5,022.18","4,996.27",17.28,0.35%,2026/02/19,1404/11/30
"4,877.80","4,857.16","5,007.79","4,978.99",101.66,2.08%,2026/02/18,1404/11/29
"4,995.53","4,851.40","4,998.98","4,877.33",113.5,2.33%,2026/02/17,1404/11/28
"5,031.22","4,971.84","5,043.11","4,990.83",52.28,1.05%,2026/02/16,1404/11/27
"5,027.71","5,024.59","5,043.38","5,043.11",11.75,0.23%,2026/02/14,1404/11/25
"4,922.96","4,891.21","5,044.56","5,031.36",103.71,2.1%,2026/02/13,1404/11/24
"5,080.42","4,887.08","5,098.61","4,927.65",156.83,3.18%,2026/02/12,1404/11/23
"5,030.18","5,021.56","5,115.17","5,084.48",54.28,1.08%,2026/02/11,1404/11/22
"5,075.13","5,002.25","5,082.76","5,030.20",50.99,1.01%,2026/02/10,1404/11/21
"4,967.94","4,961.15","5,081.26","5,081.19",120.04,2.42%,2026/02/09,1404/11/20
"4,938.59","4,938.59","4,966.76","4,961.15",6.2,0.13%,2026/02/07,1404/11/18
"4,812.51","4,656.61","4,968.09","4,954.95",128.68,2.67%,2026/02/06,1404/11/17
"4,935.86","4,799.63","5,023.38","4,826.27",214.2901,4.44%,2026/02/05,1404/11/16
"4,947.5400","4,947.0801","5,092.3101","5,040.5601",113.1201,2.3%,2026/02/04,1404/11/15
"4,665.1602","4,648.50","4,994.2798","4,939.3301",273.0601,5.85%,2026/02/03,1404/11/14
"4,799.7202","4,404.1201","4,885.0801","4,666.2700",199.0801,4.27%,2026/02/02,1404/11/13
"5,395.5801","4,681.9399","5,451.2002","4,865.3501",530.5298,10.9%,2026/01/30,1404/11/10
"5,399.9102","5,110.7300","5,595.4600","5,395.8799",4.3701,0.08%,2026/01/29,1404/11/09
"5,189.6299","5,157.3501","5,401.6201","5,400.25",210.6299,4.06%,2026/01/28,1404/11/08
"5,014.8501","5,006.2002","5,190.5601","5,189.6201",174.2803,3.47%,2026/01/27,1404/11/07
"5,007.1099","4,989.8501","5,111.3999","5,015.3398",32.4297,0.65%,2026/01/26,1404/11/06
"4,936.75","4,899.7202","4,989.9302","4,982.9102",46.1602,0.94%,2026/01/23,1404/11/03
"4,836.9502","4,772.3799","4,941.25","4,936.75",100.0801,2.07%,2026/01/22,1404/11/02
"4,763.5298","4,755.7002","4,888.2202","4,836.6699",73.1797,1.54%,2026/01/21,1404/11/01
"4,671.0200","4,659.3398","4,766.4600","4,763.4902",92.4702,1.98%,2026/01/20,1404/10/30
"4,630.7998","4,629.7998","4,690.7998","4,671.0200",75.9199,1.65%,2026/01/19,1404/10/29
"4,614.8999","4,537.1499","4,621.2700","4,595.1001",19.8101,0.43%,2026/01/16,1404/10/26
"4,620.8301","4,581.0498","4,632.6499","4,614.9102",5.9199,0.13%,2026/01/15,1404/10/25
"4,588.0498","4,585.3198","4,643.0601","4,620.8301",32.8301,0.72%,2026/01/14,1404/10/24
"4,593.8901","4,569.4502","4,634.7598","4,588",6,0.13%,2026/01/13,1404/10/23
"4,519.4502","4,513.5698","4,630.4702","4,594",83.5498,1.85%,2026/01/12,1404/10/22
"4,476.7100","4,452.6201","4,517.3999","4,510.4502",33.7202,0.75%,2026/01/09,1404/10/19
"4,453.0400","4,407.4800","4,479.7998","4,476.7300",23.6899,0.53%,2026/01/08,1404/10/18
"4,497.3301","4,423.4702","4,500.6499","4,453.0400",44.2998,0.99%,2026/01/07,1404/10/17
"4,448.5601","4,427.25","4,497.5400","4,497.3398",48.8696,1.1%,2026/01/06,1404/10/16
"4,356.1201","4,345.8799","4,456.0498","4,448.4702",117.9702,2.72%,2026/01/05,1404/10/15
"4,333","4,310.0098","4,402.5298","4,330.50",17.8501,0.41%,2026/01/02,1404/10/12
"4,329.4199","4,324.4199","4,351.6499","4,348.3501",33.2603,0.77%,2026/01/01,1404/10/11
"4,346.4702","4,274.5098","4,373.8901","4,315.0898",31.4199,0.73%,2025/12/31,1404/10/10
"4,332.0898","4,323.3301","4,404.5098","4,346.5098",14.4297,0.33%,2025/12/30,1404/10/09
"4,540.7002","4,303.75","4,550.1001","4,332.0801",200.5498,4.63%,2025/12/29,1404/10/08
"4,479.6401","4,475.1001","4,550.1099","4,532.6299",37.2798,0.83%,2025/12/26,1404/10/05
"4,487.1001","4,483.5898","4,500.3501","4,495.3501",15.71,0.35%,2025/12/25,1404/10/04
"4,488.8101","4,448.2700","4,525.7100","4,479.6401",9.1797,0.2%,2025/12/24,1404/10/03
"4,445.6201","4,429.9199","4,499.8701","4,488.8198",42.8696,0.96%,2025/12/23,1404/10/02
"4,338.9800","4,337.8999","4,449.6001","4,445.9502",107.4004,2.48%,2025/12/22,1404/10/01
"4,332.3301","4,309.0098","4,356.6499","4,338.5498",6.1499,0.14%,2025/12/19,1404/09/28
"4,341.0601","4,308.6001","4,374.6899","4,332.3999",8.6802,0.2%,2025/12/18,1404/09/27
"4,303.7998","4,301.2700","4,349.1299","4,341.0801",37.2803,0.87%,2025/12/17,1404/09/26
"4,302.5801","4,271.3398","4,335.1602","4,303.7998",1.0996,0.03%,2025/12/16,1404/09/25
"4,299","4,285.2100","4,350.50","4,302.7002",0.27,0.01%,2025/12/15,1404/09/24
"4,283.2598","4,257.6001","4,353.7202","4,302.4302",19.1504,0.45%,2025/12/12,1404/09/21
"4,228.5298","4,203.9800","4,286.2402","4,283.2798",54.73,1.29%,2025/12/11,1404/09/20
"4,209.5601","4,181.6802","4,239.1001","4,228.5498",19.0098,0.45%,2025/12/10,1404/09/19
"4,189","4,170","4,221.6699","4,209.5400",20.4902,0.49%,2025/12/09,1404/09/18
"4,197.1899","4,176.3398","4,219.3101","4,189.0498",8.0801,0.19%,2025/12/08,1404/09/17
"4,208.6899","4,191.9502","4,259.5498","4,197.1299",11.5601,0.28%,2025/12/05,1404/09/14
"4,206.1499","4,174.6001","4,219.4600","4,208.6899",2.4697,0.06%,2025/12/04,1404/09/13
"4,208.1401","4,194.3901","4,242","4,206.2202",1.9199,0.05%,2025/12/03,1404/09/12
"4,232.7202","4,163.0098","4,236.2798","4,208.1401",24.5898,0.58%,2025/12/02,1404/09/11
"4,223.9302","4,205.8701","4,264.7402","4,232.7300",2.1001,0.05%,2025/12/01,1404/09/10
"4,157.5698","4,157.1499","4,231.5098","4,230.6299",73.0601,1.76%,2025/11/28,1404/09/07
"4,164.5298","4,142.5698","4,169","4,157.5698",7.02,0.17%,2025/11/27,1404/09/06
"4,131.1499","4,128.9902","4,173.7002","4,164.5898",33.4399,0.81%,2025/11/26,1404/09/05
"4,139.6602","4,109.7202","4,159.4502","4,131.1499",8.5503,0.21%,2025/11/25,1404/09/04
"4,066.4700","4,040.0300","4,140.1299","4,139.7002",73.8003,1.82%,2025/11/24,1404/09/03
"4,077.5400","4,022.7000","4,101.3701","4,065.8999",11.6001,0.29%,2025/11/21,1404/08/30
"4,081.6599","4,038.7300","4,110.1699","4,077.50",4.1599,0.1%,2025/11/20,1404/08/29
"4,067.8601","4,055.2300","4,133.0400","4,081.6599",13.78,0.34%,2025/11/19,1404/08/28
"4,044.6101","3,997.9900","4,082.6899","4,067.8799",23.2698,0.58%,2025/11/18,1404/08/27
"4,082.0200","4,006.8301","4,106.8501","4,044.6101",34.97,0.86%,2025/11/17,1404/08/26
"4,171.4702","4,032.3201","4,211.6802","4,079.5801",91.8799,2.25%,2025/11/14,1404/08/23
"4,198.75","4,145.4102","4,245.2002","4,171.4600",27.27,0.65%,2025/11/13,1404/08/22
"4,126.6802","4,098.7598","4,211.9600","4,198.7300",72.0498,1.75%,2025/11/12,1404/08/21
"4,115.9102","4,097.0898","4,149.2002","4,126.6802",10.7803,0.26%,2025/11/11,1404/08/20
"3,999.9399","3,997.8701","4,116.2598","4,115.8999",116.1799,2.9%,2025/11/10,1404/08/19
"3,977.9199","3,974.4099","4,027.6299","3,999.7200",21.8499,0.55%,2025/11/07,1404/08/16
"3,982.5901","3,964.4600","4,019.8401","3,977.8701",4.75,0.12%,2025/11/06,1404/08/15
"3,932.0601","3,929.6101","3,990.6001","3,982.6201",50.5701,1.29%,2025/11/05,1404/08/14
"4,001.6699","3,928.6599","4,006","3,932.0500",69.6199,1.77%,2025/11/04,1404/08/13
"4,002.2800","3,962.8501","4,030.7000","4,001.6699",0.6101,0.02%,2025/11/03,1404/08/12
"4,024.3701","3,972.4500","4,046","4,002.2800",22.1899,0.55%,2025/10/31,1404/08/09
"3,931.1499","3,915.1699","4,027.4399","4,024.4700",94.0901,2.39%,2025/10/30,1404/08/08
"3,952.5200","3,917.1201","4,030.3999","3,930.3799",22.2002,0.56%,2025/10/29,1404/08/07
"3,983.4099","3,886.4900","4,020.1101","3,952.5801",29.01,0.73%,2025/10/28,1404/08/06
"4,065.3501","3,971.3401","4,109.3301","3,981.5901",130.51,3.28%,2025/10/27,1404/08/05
"4,127.1299","4,044.7000","4,144.7002","4,112.1001",14.0698,0.34%,2025/10/24,1404/08/02
"4,095.5701","4,065.4900","4,154.9600","4,126.1699",32.0999,0.78%,2025/10/23,1404/08/01
"4,123.1001","4,004.6899","4,161.6499","4,094.0701",31.03,0.76%,2025/10/22,1404/07/30
"4,355.5498","4,086.4700","4,375.5898","4,125.1001",231.3999,5.61%,2025/10/21,1404/07/29
"4,251.8198","4,218.8101","4,381.6001","4,356.50",106.52,2.51%,2025/10/20,1404/07/28
"4,328.75","4,186.9102","4,379.4399","4,249.9800",76.2002,1.79%,2025/10/17,1404/07/25
"4,209.8101","4,199.6001","4,330.9102","4,326.1802",117.6001,2.79%,2025/10/16,1404/07/24
"4,144.3999","4,140.4502","4,218.4199","4,208.5801",66.27,1.6%,2025/10/15,1404/07/23
"4,108.9800","4,090.4900","4,180.3901","4,142.3101",31.6099,0.77%,2025/10/14,1404/07/22
"4,018.7900","4,008.8000","4,117.1401","4,110.7002",92.4001,2.3%,2025/10/13,1404/07/21
"3,977.5801","3,946.8000","4,022.9600","4,018.3000",42.01,1.06%,2025/10/10,1404/07/18
"4,042.6899","3,944.8000","4,058.0901","3,976.2900",62.6099,1.57%,2025/10/09,1404/07/17
"3,983.8201","3,982.8601","4,059.3401","4,038.8999",55.0798,1.38%,2025/10/08,1404/07/16
"3,962.4800","3,940.75","3,991.1799","3,983.8201",22.73,0.57%,2025/10/07,1404/07/15
"3,888.4500","3,883.9299","3,970.2400","3,961.0901",74.26,1.91%,2025/10/06,1404/07/14
"3,857.9199","3,838.0500","3,891.8501","3,886.8301",30.3,0.79%,2025/10/03,1404/07/11
"3,866.6599","3,819.5100","3,897.2000","3,856.5300",9.27,0.24%,2025/10/02,1404/07/10
"3,858.8401","3,853.4399","3,895.4500","3,865.8000",7.29,0.19%,2025/10/01,1404/07/09
"3,833.8401","3,793.1799","3,871.8701","3,858.5100",24.5801,0.64%,2025/09/30,1404/07/08
"3,758.5901","3,757.6201","3,834.5801","3,833.9299",73.6899,1.96%,2025/09/29,1404/07/07
"3,748.1799","3,734.5801","3,783.8799","3,760.2400",10.8699,0.29%,2025/09/26,1404/07/04
"3,736.6699","3,722.0400","3,761.6599","3,749.3701",13.0801,0.35%,2025/09/25,1404/07/03
"3,765.7800","3,717.3000","3,779.5400","3,736.2900",27.8999,0.75%,2025/09/24,1404/07/02
"3,746.4700","3,736.7300","3,791.1101","3,764.1899",17.72,0.47%,2025/09/23,1404/07/01
"3,686.8000","3,683.6201","3,749.25","3,746.4700",61.49,1.67%,2025/09/22,1404/06/31
"3,645.0400","3,632.2800","3,686.3301","3,684.9800",40.6199,1.11%,2025/09/19,1404/06/28
"3,659.3999","3,627.8899","3,673.1799","3,644.3601",15.6799,0.43%,2025/09/18,1404/06/27
"3,691.8000","3,645.4399","3,707.7000","3,660.0400",29.76,0.81%,2025/09/17,1404/06/26
"3,678.8401","3,674.6599","3,703.2300","3,689.8000",10.6702,0.29%,2025/09/16,1404/06/25
"3,644.3999","3,626.6001","3,685.6499","3,679.1299",36,0.99%,2025/09/15,1404/06/24
"3,635.0100","3,630.4800","3,656.8601","3,643.1299",9.0398,0.25%,2025/09/12,1404/06/21
"3,642.6001","3,614.0100","3,649.2700","3,634.0901",6.6499,0.18%,2025/09/11,1404/06/20
"3,629.0500","3,619.5801","3,657.7700","3,640.7400",14.26,0.39%,2025/09/10,1404/06/19
"3,637.1001","3,625.3301","3,674.75","3,626.4800",9.3601,0.26%,2025/09/09,1404/06/18
"3,586.8201","3,579.6699","3,646.6001","3,635.8401",49.03,1.37%,2025/09/08,1404/06/17
"3,547","3,540.0500","3,600.3301","3,586.8101",40.6401,1.15%,2025/09/05,1404/06/14
"3,560.5701","3,511.1899","3,564.4500","3,546.1699",13.26,0.37%,2025/09/04,1404/06/13
"3,535.6899","3,526.2600","3,578.8000","3,559.4299",25.7,0.73%,2025/09/03,1404/06/12
"3,478.3601","3,470.2000","3,540.6399","3,533.7300",57.26,1.65%,2025/09/02,1404/06/11
"3,448","3,436.8000","3,490.0601","3,476.4700",28.47,0.83%,2025/09/01,1404/06/10
"3,418.2000","3,404.2900","3,454.0801","3,448",30.8,0.9%,2025/08/29,1404/06/07
"3,394.1799","3,384.4600","3,423.3601","3,417.2000",19.78,0.58%,2025/08/28,1404/06/06
"3,392.8799","3,373.7600","3,398.9399","3,397.4199",4.54,0.13%,2025/08/27,1404/06/05
"3,366.7800","3,351.2600","3,394.3301","3,392.8799",26.0898,0.77%,2025/08/26,1404/06/04
"3,371.2300","3,359.6899","3,376.4700","3,366.7900",5.3201,0.16%,2025/08/25,1404/06/03
"3,338.7600","3,321.4900","3,379.0100","3,372.1101",33.3,1%,2025/08/22,1404/05/31
"3,347.3799","3,325.2700","3,353.25","3,338.8101",8.3,0.25%,2025/08/21,1404/05/30
"3,315.4600","3,311.4600","3,350.50","3,347.1101",31.6501,0.95%,2025/08/20,1404/05/29
"3,332.3799","3,314.8799","3,345.4600","3,315.4600",15.0901,0.46%,2025/08/19,1404/05/28
"3,338","3,323.5200","3,358.50","3,330.5500",4.8398,0.15%,2025/08/18,1404/05/27
"3,336.50","3,332.1599","3,349.0200","3,335.3899",1.1101,0.03%,2025/08/15,1404/05/24
"3,354.7300","3,329.8501","3,374.9700","3,336.50",18.23,0.55%,2025/08/14,1404/05/23
"3,346.2000","3,342.6499","3,370.8999","3,354.7300",8.53,0.25%,2025/08/13,1404/05/22
"3,342.6399","3,331.0300","3,359.2700","3,346.2000",1.3699,0.04%,2025/08/12,1404/05/21
"3,398.50","3,340.8201","3,405.1001","3,344.8301",53.95,1.61%,2025/08/11,1404/05/20
"3,397.2800","3,379.6101","3,408.8301","3,398.7800",1.47,0.04%,2025/08/08,1404/05/17
"3,366.1101","3,364.7700","3,402.7100","3,397.3101",28.27,0.84%,2025/08/07,1404/05/16
"3,379.6899","3,358.2600","3,385.4700","3,369.0400",12.23,0.36%,2025/08/06,1404/05/15
"3,373.3799","3,349.8899","3,390.6201","3,381.2700",7.8999,0.23%,2025/08/05,1404/05/14
"3,365.1001","3,345","3,385.5601","3,373.3701",10.4902,0.31%,2025/08/04,1404/05/13
"3,290.8301","3,281.5500","3,363.5500","3,362.8799",72.5598,2.21%,2025/08/01,1404/05/10
"3,275.9099","3,273.7700","3,314.9800","3,290.3201",15.0701,0.46%,2025/07/31,1404/05/09
"3,324.0100","3,268.1499","3,334.2100","3,275.25",51.5901,1.58%,2025/07/30,1404/05/08
"3,316.5400","3,307.9500","3,334.2100","3,326.8401",12.2002,0.37%,2025/07/29,1404/05/07
"3,335","3,301.6599","3,345.5601","3,314.6399",22.54,0.68%,2025/07/28,1404/05/06
"3,369.2900","3,325.0500","3,373.7300","3,337.1799",30.97,0.93%,2025/07/25,1404/05/03
"3,387.7900","3,351.3999","3,393.4700","3,368.1499",19.6301,0.58%,2025/07/24,1404/05/02
"3,431.2600","3,381.4500","3,439.0901","3,387.7800",43.72,1.29%,2025/07/23,1404/05/01
"3,395.8101","3,383.2900","3,433.5601","3,431.50",35.7,1.05%,2025/07/22,1404/04/31
"3,348.6201","3,344.4800","3,401.8501","3,395.8000",45.4001,1.36%,2025/07/21,1404/04/30
"3,338.7600","3,331.75","3,361.4099","3,350.3999",11.45,0.34%,2025/07/18,1404/04/27
"3,346.5901","3,309.8999","3,352.50","3,338.9500",7.6301,0.23%,2025/07/17,1404/04/26
"3,322.6299","3,319.6899","3,377.50","3,346.5801",23.9502,0.72%,2025/07/16,1404/04/25
"3,343.8000","3,320.2700","3,366.5801","3,322.6299",21.1702,0.64%,2025/07/15,1404/04/24
"3,355.9099","3,341.1001","3,374.9399","3,343.8000",12.1099,0.36%,2025/07/14,1404/04/23
"3,325.6299","3,321.3701","3,368.8899","3,355.9099",32.8398,0.99%,2025/07/11,1404/04/20
"3,313.7000","3,310.2300","3,330.4700","3,323.0701",9.3501,0.28%,2025/07/10,1404/04/19
"3,298.7300","3,282.8000","3,317.0500","3,313.7200",13.02,0.39%,2025/07/09,1404/04/18
"3,335.9900","3,287.1699","3,345.9399","3,300.7000",34.9102,1.06%,2025/07/08,1404/04/17
"3,335.9500","3,296.4099","3,343.2900","3,335.6101",1.0298,0.03%,2025/07/07,1404/04/16
"3,326.4399","3,323.5901","3,345.1499","3,336.6399",10.0698,0.3%,2025/07/04,1404/04/13
"3,357.3601","3,311.7000","3,365.8101","3,326.5701",30.79,0.93%,2025/07/03,1404/04/12
"3,338.3601","3,327.6001","3,360.0801","3,357.3601",18.1501,0.54%,2025/07/02,1404/04/11
"3,302.8701","3,301.5200","3,358.0901","3,339.2100",35.52,1.08%,2025/07/01,1404/04/10
"3,272.6499","3,247.8601","3,309.5801","3,303.6899",29.4399,0.9%,2025/06/30,1404/04/09
"3,328.0601","3,255.7200","3,328.8799","3,274.25",53.8101,1.64%,2025/06/27,1404/04/06
"3,332.4700","3,310.0100","3,350.4700","3,328.0601",4.3999,0.13%,2025/06/26,1404/04/05
"3,324.2000","3,312","3,337.2300","3,332.4600",8.26,0.25%,2025/06/25,1404/04/04
"3,368.7900","3,295.3799","3,371.0100","3,324.2000",44.6799,1.34%,2025/06/24,1404/04/03
"3,367.1699","3,347.25","3,399.25","3,368.8799",0.6499,0.02%,2025/06/23,1404/04/02
"3,370.8201","3,340.3799","3,374.6299","3,368.2300",2.52,0.07%,2025/06/20,1404/03/30
"3,369.0801","3,347.5901","3,388.0701","3,370.75",1.6599,0.05%,2025/06/19,1404/03/29
"3,390.3999","3,362.5400","3,400.0500","3,369.0901",19.6499,0.58%,2025/06/18,1404/03/28
"3,383.2000","3,366.25","3,403.3899","3,388.7400",5.54,0.16%,2025/06/17,1404/03/27
"3,431.5400","3,382.3999","3,451.6201","3,383.2000",49.4399,1.46%,2025/06/16,1404/03/26
"3,385.3000","3,379.7900","3,447.0200","3,432.6399",47.3499,1.4%,2025/06/13,1404/03/23
"3,357.2400","3,338.6399","3,399.1599","3,385.2900",31.45,0.94%,2025/06/12,1404/03/22
"3,322.5200","3,315.2300","3,360.8201","3,353.8401",30.8201,0.93%,2025/06/11,1404/03/21
"3,328.5801","3,301.9199","3,349.2800","3,323.0200",5.3101,0.16%,2025/06/10,1404/03/20
"3,311.5100","3,293.7000","3,338.4299","3,328.3301",18.1602,0.55%,2025/06/09,1404/03/19
"3,354.2600","3,306.8701","3,375.7400","3,310.1699",43.99,1.33%,2025/06/06,1404/03/16
"3,376.5500","3,339.2000","3,403.5500","3,354.1599",22.3801,0.67%,2025/06/05,1404/03/15
"3,352.5601","3,343.7600","3,384.8401","3,376.5400",24.29,0.72%,2025/06/04,1404/03/14
"3,379.9900","3,333.0801","3,392.5300","3,352.25",27.96,0.83%,2025/06/03,1404/03/13
"3,289.8000","3,289.4099","3,383.2400","3,380.2100",90.8101,2.76%,2025/06/02,1404/03/12
"3,319.5100","3,271.5500","3,322.9500","3,289.3999",27.6201,0.84%,2025/05/30,1404/03/09
"3,286.3601","3,245.5500","3,330.9399","3,317.0200",27.26,0.83%,2025/05/29,1404/03/08
"3,300.7000","3,276.3101","3,325.6799","3,289.7600",10.9199,0.33%,2025/05/28,1404/03/07
"3,344","3,285.7000","3,350.2100","3,300.6799",42.26,1.28%,2025/05/27,1404/03/06
"3,354.3000","3,323.9099","3,357.0300","3,342.9399",14.48,0.43%,2025/05/26,1404/03/05
"3,297.1499","3,287.2400","3,366.3899","3,357.4199",62.4199,1.89%,2025/05/23,1404/03/02
"3,316.4900","3,279.5500","3,345.6201","3,295",19.99,0.61%,2025/05/22,1404/03/01
"3,290.1201","3,285.5100","3,325.1399","3,314.9900",24.8699,0.76%,2025/05/21,1404/02/31
"3,229.8501","3,204.3999","3,295.9800","3,290.1201",60.27,1.87%,2025/05/20,1404/02/30
"3,214.6001","3,205.9800","3,249.9099","3,229.8501",27.0801,0.85%,2025/05/19,1404/02/29
"3,239.1101","3,154.3201","3,252.2700","3,202.7700",38.1001,1.19%,2025/05/16,1404/02/26
"3,178.0601","3,120.5200","3,241.2600","3,240.8701",62.1201,1.95%,2025/05/15,1404/02/25
"3,248.3701","3,167.9500","3,257.3899","3,178.75",69.72,2.19%,2025/05/14,1404/02/24
"3,233.3999","3,215.9600","3,265.4399","3,248.4700",13.77,0.43%,2025/05/13,1404/02/23
"3,324.9800","3,207.6699","3,325.4199","3,234.7000",89.9299,2.78%,2025/05/12,1404/02/22
"3,305.5100","3,274.9399","3,347.6399","3,324.6299",19.1099,0.58%,2025/05/09,1404/02/19
"3,366.9500","3,288.8000","3,414.9600","3,305.5200",59.6899,1.81%,2025/05/08,1404/02/18
"3,430.2100","3,360.2000","3,438.5901","3,365.2100",65,1.93%,2025/05/07,1404/02/17
"3,336.3899","3,322.9800","3,435.1699","3,430.2100",95.71,2.87%,2025/05/06,1404/02/16
"3,240","3,237.8101","3,337.8101","3,334.50",93.6201,2.89%,2025/05/05,1404/02/15
"3,238.5500","3,222.75","3,269.4900","3,240.8799",0.1201,-,2025/05/02,1404/02/12
"3,288.5500","3,202.0901","3,290.9399","3,241",47.5901,1.47%,2025/05/01,1404/02/11
"3,316.9199","3,267.0901","3,328.3601","3,288.5901",28.5898,0.87%,2025/04/30,1404/02/10
"3,341.6699","3,299.2300","3,349.0801","3,317.1799",24.49,0.74%,2025/04/29,1404/02/09
"3,328.3999","3,267.8101","3,353.3301","3,341.6699",22.22,0.67%,2025/04/28,1404/02/08
"3,347.2000","3,265.25","3,371.1499","3,319.4500",29.6501,0.89%,2025/04/25,1404/02/05
"3,288.4299","3,287.7700","3,367.5901","3,349.1001",60.8401,1.85%,2025/04/24,1404/02/04
"3,382.5500","3,260.50","3,386.8899","3,288.2600",94.28,2.87%,2025/04/23,1404/02/03
"3,421.5701","3,366.7400","3,500.3301","3,382.5400",41.7625,1.23%,2025/04/22,1404/02/02
"3,334.4099","3,327.8201","3,430.9299","3,424.3025",96.7625,2.91%,2025/04/21,1404/02/01
"3,344.4099","3,283.8701","3,358","3,327.5400",15.6824,0.47%,2025/04/17,1404/01/28
"3,226.25","3,226.25","3,345.1899","3,343.2224",115.6174,3.58%,2025/04/16,1404/01/27
"3,210.2100","3,209.3601","3,234.1599","3,227.6050",18.3201,0.57%,2025/04/15,1404/01/26
"3,237.3501","3,193.4099","3,245.8401","3,209.2849",26.9275,0.84%,2025/04/14,1404/01/25
"3,174.1399","3,174.1399","3,245.6899","3,236.2124",62.2954,1.96%,2025/04/11,1404/01/22
"3,083.75","3,071.0300","3,176.9399","3,173.9170",91.7356,2.98%,2025/04/10,1404/01/21
"2,984.0801","2,970.0100","3,099.8701","3,082.1814",98.3989,3.3%,2025/04/09,1404/01/20
"2,983.3899","2,974.4500","3,022.8401","2,983.7825",1.2427,0.04%,2025/04/08,1404/01/19
"3,038.0200","2,956.6001","3,055.8799","2,982.5398",54.8164,1.84%,2025/04/07,1404/01/18
"3,113.1599","3,015.6399","3,137.1001","3,037.3562",75.4773,2.48%,2025/04/04,1404/01/15
"3,134.1599","3,054.1899","3,168.0400","3,112.8335",20.7378,0.67%,2025/04/03,1404/01/14
"3,111","3,104.8101","3,140.3601","3,133.5713",23.0212,0.74%,2025/04/02,1404/01/13
"3,123.3601","3,100.8501","3,149.1101","3,110.5500",12.5049,0.4%,2025/04/01,1404/01/12
"3,086.5400","3,076.6201","3,128.2900","3,123.0549",39.0266,1.27%,2025/03/31,1404/01/11
"3,056.3501","3,053.9099","3,086.9299","3,084.0283",27.9309,0.91%,2025/03/28,1404/01/08
"3,019.5601","3,017.2600","3,059.75","3,056.0974",36.8098,1.22%,2025/03/27,1404/01/07
"3,020.1299","3,012.3799","3,032.2300","3,019.2876",0.5674,0.02%,2025/03/26,1404/01/06
"3,012.3999","3,007.5300","3,035.9399","3,019.8550",7.5828,0.25%,2025/03/25,1404/01/05
"3,023.0300","3,002.3401","3,033.4399","3,012.2722",11.3572,0.38%,2025/03/24,1404/01/04
"3,042.6001","2,999.4600","3,047.6599","3,023.6294",20.7793,0.69%,2025/03/21,1404/01/01
"3,046.3101","3,025.5601","3,057.5100","3,044.4087",2.7712,0.09%,2025/03/20,1403/12/30
"3,032.2000","3,022.7300","3,052.3000","3,047.1799",13.2324,0.44%,2025/03/19,1403/12/29
"2,999.1101","2,999.1101","3,038.4500","3,033.9475",32.478,1.08%,2025/03/18,1403/12/28
"2,985.8000","2,982.1299","3,002.2300","3,001.4695",17.0535,0.57%,2025/03/17,1403/12/27
"2,988.3799","2,978.4099","3,005.0801","2,984.4160",3.3386,0.11%,2025/03/14,1403/12/24
"2,932.6599","2,932.0300","2,989.6399","2,987.7546",55.6978,1.9%,2025/03/13,1403/12/23
"2,916.8501","2,906.1899","2,940.8301","2,932.0569",16.0193,0.55%,2025/03/12,1403/12/22
"2,888.7200","2,880.3401","2,922.2200","2,916.0376",26.6401,0.92%,2025/03/11,1403/12/21
"2,912.1699","2,880.3000","2,918.50","2,889.3975",21.3926,0.74%,2025/03/10,1403/12/20
"2,910.4800","2,896.7100","2,930.5601","2,910.7900",0.8,0.03%,2025/03/07,1403/12/17
"2,918.9800","2,891.3401","2,926.8799","2,909.9900",8.8501,0.3%,2025/03/06,1403/12/16
"2,917.5901","2,894.1899","2,929.9399","2,918.8401",1.3501,0.05%,2025/03/05,1403/12/15
"2,894.0500","2,881.8101","2,928.1499","2,917.4900",23.78,0.82%,2025/03/04,1403/12/14
"2,856.7100","2,855.6299","2,895.4500","2,893.7100",35.1099,1.23%,2025/03/03,1403/12/13
"2,877.6599","2,832.6299","2,885.3401","2,858.6001",17.5898,0.62%,2025/02/28,1403/12/10
"2,916.8000","2,867.8601","2,920.9600","2,876.1899",40,1.39%,2025/02/27,1403/12/09
"2,915.4199","2,890.9900","2,930.2200","2,916.1899",1.0698,0.04%,2025/02/26,1403/12/08
"2,951.8201","2,888.0601","2,954.4399","2,915.1201",36.0698,1.24%,2025/02/25,1403/12/07
"2,936.4099","2,920.7700","2,956.3701","2,951.1899",15.1599,0.52%,2025/02/24,1403/12/06
"2,939","2,916.7000","2,950.0100","2,936.0300",2.6699,0.09%,2025/02/21,1403/12/03
"2,932.8101","2,924.2000","2,954.9700","2,938.7000",6.0601,0.21%,2025/02/20,1403/12/02
"2,935.7300","2,918.50","2,947.2300","2,932.6399",2.9402,0.1%,2025/02/19,1403/12/01
"2,897.5100","2,891.9399","2,937.4600","2,935.5801",37.925,1.31%,2025/02/18,1403/11/30
"2,883.5500","2,887.2000","2,906.6899","2,897.6550",14.4751,0.5%,2025/02/17,1403/11/29
"2,929.1899","2,876.9600","2,940.2300","2,883.1799",45.8501,1.59%,2025/02/14,1403/11/26
"2,904.1001","2,900.2000","2,929.7400","2,929.0300",25.3701,0.87%,2025/02/13,1403/11/25
"2,898.8999","2,864.0100","2,909.1599","2,903.6599",5.3208,0.18%,2025/02/12,1403/11/24
"2,907.4700","2,881.7600","2,943.25","2,898.3391",9.001,0.31%,2025/02/11,1403/11/23
"2,864.0801","2,854.6899","2,911.6001","2,907.3401",46.9502,1.64%,2025/02/10,1403/11/22
"2,856.6001","2,852.5500","2,886.9600","2,860.3899",3.8899,0.14%,2025/02/07,1403/11/19
"2,865.2600","2,834.3999","2,873.7400","2,856.50",8.5901,0.3%,2025/02/06,1403/11/18
"2,842.0601","2,839.3201","2,882.5300","2,865.0901",23.1501,0.81%,2025/02/05,1403/11/17
"2,814.8000","2,806.8999","2,845.5701","2,841.9399",28.45,1.01%,2025/02/04,1403/11/16
"2,801.3999","2,771.6899","2,831.7000","2,813.4900",12.49,0.45%,2025/02/03,1403/11/15
"2,794.0400","2,790.7800","2,817.5701","2,801",7.1201,0.25%,2025/01/31,1403/11/12
"2,757.8999","2,757.2400","2,798.8000","2,793.8799",36.1699,1.31%,2025/01/30,1403/11/11
"2,763.4800","2,744.7100","2,766.5300","2,757.7100",5.4001,0.2%,2025/01/29,1403/11/10
"2,742.5701","2,734.6799","2,765.1799","2,763.1101",22.01,0.8%,2025/01/28,1403/11/09
"2,770.7000","2,729.8000","2,773.0200","2,741.1001",30.2,1.1%,2025/01/27,1403/11/08
"2,754.0601","2,752.5601","2,786.0400","2,771.3000",17.6101,0.64%,2025/01/24,1403/11/05
"2,755.9600","2,735.8501","2,759.0601","2,753.6899",1.3325,0.05%,2025/01/23,1403/11/04
"2,745.0801","2,741.8301","2,763.7200","2,755.0225",10.6326,0.39%,2025/01/22,1403/11/03
"2,709.0100","2,702.4900","2,746.8799","2,744.3899",36.334,1.34%,2025/01/21,1403/11/02
"2,702.5100","2,689.3201","2,714.3999","2,708.0559",6.5059,0.24%,2025/01/20,1403/11/01
"2,713.8501","2,698.4099","2,717.7300","2,701.5500",12.22,0.45%,2025/01/17,1403/10/28
"2,695.9600","2,690","2,724.8601","2,713.7700",17.95,0.67%,2025/01/16,1403/10/27
"2,677.2900","2,669.0400","2,697.8501","2,695.8201",18.6602,0.7%,2025/01/15,1403/10/26
"2,662.5300","2,659.7900","2,678.4399","2,677.1599",15.0398,0.56%,2025/01/14,1403/10/25
"2,689.3501","2,656.7300","2,693.7700","2,662.1201",27.5098,1.03%,2025/01/13,1403/10/24
"2,670.7400","2,663.6499","2,698.5701","2,689.6299",19.4399,0.73%,2025/01/10,1403/10/21
"2,662.2000","2,662.3501","2,675.4199","2,670.1899",8.1299,0.31%,2025/01/09,1403/10/20
"2,649.8501","2,645.0300","2,670.6001","2,662.0601",12.5701,0.47%,2025/01/08,1403/10/19
"2,636.0249","2,632.5723","2,664.5386","2,649.4900",14.1643,0.54%,2025/01/07,1403/10/18
"2,641","2,614.6001","2,649.6243","2,635.3257",3.7944,0.14%,2025/01/06,1403/10/17
"2,657.2949","2,636.3999","2,665.4680","2,639.1201",18.0398,0.68%,2025/01/03,1403/10/14
"2,626.6050","2,621.5149","2,660.8518","2,657.1599",33.3479,1.27%,2025/01/02,1403/10/13
"2,606.1299","2,602.50","2,627.8528","2,623.8120",18.4221,0.71%,2024/12/31,1403/10/11
"2,620.3000","2,595.9004","2,628.6082","2,605.3899",14.6101,0.56%,2024/12/30,1403/10/10
"2,634.5901","2,611.3000","2,638.7400","2,620",14.4299,0.55%,2024/12/27,1403/10/07
"2,619.7949","2,614.1250","2,639.4021","2,634.4299",21.23,0.81%,2024/12/26,1403/10/06
"2,613.0701","2,609.9167","2,621.8340","2,613.2000",0.27,0.01%,2024/12/24,1403/10/04
"2,622.2351","2,607.9651","2,633.6023","2,612.9299",7.8401,0.3%,2024/12/23,1403/10/03
"2,593.9700","2,589.5605","2,631.9199","2,620.7700",26.9199,1.04%,2024/12/20,1403/09/30
"2,587.8701","2,583.4946","2,626.7253","2,593.8501",6.2202,0.24%,2024/12/19,1403/09/29
"2,645.6799","2,586.5239","2,652.0850","2,587.6299",57.9102,2.24%,2024/12/18,1403/09/28
"2,652.6250","2,632.9995","2,659.2227","2,645.5400",6.96,0.26%,2024/12/17,1403/09/27
"2,649.1050","2,643.3447","2,664.8320","2,652.50",4.1101,0.16%,2024/12/16,1403/09/26
"2,681.4651","2,645.9006","2,693.0173","2,648.3899",32.9402,1.24%,2024/12/13,1403/09/23
"2,718.0701","2,675.0400","2,726.3140","2,681.3301",36.5999,1.36%,2024/12/12,1403/09/22
"2,693.7600","2,674.5801","2,721.3457","2,717.9299",24.29,0.9%,2024/12/11,1403/09/21
"2,658.8201","2,657.9500","2,695.7949","2,693.6399",34.8599,1.31%,2024/12/10,1403/09/20
"2,635.5249","2,627.4700","2,676.5249","2,658.7800",25.8701,0.98%,2024/12/09,1403/09/19
"2,632.1799","2,613.5750","2,645.6902","2,632.9099",0.8599,0.03%,2024/12/06,1403/09/16
"2,649.9199","2,623.5542","2,655.6157","2,632.0500",17.74,0.67%,2024/12/05,1403/09/15
"2,643.5701","2,632.4951","2,657.3650","2,649.7900",6.3501,0.24%,2024/12/04,1403/09/14
"2,639.0500","2,634.1160","2,655.7100","2,643.4399",4.51,0.17%,2024/12/03,1403/09/13
"2,653.8201","2,621.8950","2,656.2051","2,638.9299",14.616,0.55%,2024/12/02,1403/09/12
"2,641.1951","2,634.1150","2,666.3472","2,653.5459",12.5859,0.48%,2024/11/29,1403/09/09
"2,635.7351","2,620.9451","2,650.1201","2,640.9600",5.45,0.21%,2024/11/28,1403/09/08
"2,632.1550","2,627.0649","2,658.3950","2,635.5100",3.6201,0.14%,2024/11/27,1403/09/07
"2,625.3750","2,605.2949","2,642.0471","2,631.8899",6.6299,0.25%,2024/11/26,1403/09/06
"2,715.1001","2,615.7000","2,721.4250","2,625.2600",87.29,3.33%,2024/11/25,1403/09/05
"2,669.8401","2,667.3826","2,712.9109","2,712.5500",42.8601,1.61%,2024/11/22,1403/09/02
"2,650.1851","2,647.9500","2,673.8601","2,669.6899",19.6399,0.74%,2024/11/21,1403/09/01
"2,631.8000","2,618.6951","2,655.5037","2,650.0500",18.3701,0.7%,2024/11/20,1403/08/30
"2,612.2900","2,610.25","2,639.6851","2,631.6799",19.48,0.75%,2024/11/19,1403/08/29
"2,561.5901","2,561.5901","2,615.1650","2,612.2000",50.96,1.99%,2024/11/18,1403/08/28
"2,566.5400","2,554.5801","2,576.0950","2,561.2400",4.95,0.19%,2024/11/15,1403/08/25
"2,573.9099","2,536.9050","2,581.6150","2,566.1899",7.5901,0.3%,2024/11/14,1403/08/24
"2,597.4099","2,573.0017","2,618.9700","2,573.7800",23.49,0.91%,2024/11/13,1403/08/23
"2,620.3101","2,589.7949","2,627.2351","2,597.2700",22.9299,0.88%,2024/11/12,1403/08/22
"2,684.8101","2,610.6208","2,686.5122","2,620.2000",63.5701,2.43%,2024/11/11,1403/08/21
"2,707.3701","2,680.3601","2,710.5100","2,683.7700",23.22,0.87%,2024/11/08,1403/08/18
"2,659.3650","2,643.50","2,710.1951","2,706.9900",47.75,1.8%,2024/11/07,1403/08/17
"2,743.8750","2,652.4351","2,749.8049","2,659.2400",84.3501,3.17%,2024/11/06,1403/08/16
"2,736.5850","2,724.75","2,750.0649","2,743.5901",7.2002,0.26%,2024/11/05,1403/08/15
"2,734.1050","2,729.7849","2,748.2974","2,736.3899",1.2349,0.05%,2024/11/04,1403/08/14
"2,742.50","2,733.1980","2,762.2949","2,735.1550",8.6497,0.32%,2024/11/01,1403/08/11
"2,787.75","2,731.6499","2,790.4050","2,743.8047",42.385,1.54%,2024/10/31,1403/08/10
"2,775.0100","2,770.6499","2,790.0950","2,786.1897",11.0552,0.4%,2024/10/30,1403/08/09
"2,743.6951","2,739.8201","2,775.8921","2,775.1345",33.1575,1.21%,2024/10/29,1403/08/08
"2,734.8450","2,724.7244","2,746.0649","2,741.9771",5.7166,0.21%,2024/10/28,1403/08/07
"2,736.1001","2,716.9661","2,747.9668","2,747.6936",11.998,0.44%,2024/10/25,1403/08/04
"2,717.9900","2,715.7217","2,743.3750","2,735.6956",18.1555,0.67%,2024/10/24,1403/08/03
"2,749.5200","2,708.7900","2,758.5349","2,717.5400",30.8433,1.13%,2024/10/23,1403/08/02
"2,720","2,718.9321","2,749.4675","2,748.3833",28.738,1.06%,2024/10/22,1403/08/01
"2,721.7100","2,714.2251","2,740.6101","2,719.6453",0.6021,0.02%,2024/10/21,1403/07/30
"2,692.4099","2,691.4800","2,722.8701","2,720.2473",27.7002,1.03%,2024/10/18,1403/07/27
"2,674.0549","2,673","2,696.7959","2,692.5471",19.3086,0.72%,2024/10/17,1403/07/26
"2,663.0049","2,658.7102","2,685.7300","2,673.2385",12.251,0.46%,2024/10/16,1403/07/25
"2,651.75","2,638.3140","2,669.0750","2,660.9875",9.9375,0.37%,2024/10/15,1403/07/24
"2,657.2051","2,643.1604","2,666.9351","2,651.0500",4.9475,0.19%,2024/10/14,1403/07/23
"2,630.8000","2,627.6450","2,661.5452","2,655.9976",26.5173,1.01%,2024/10/11,1403/07/20
"2,608.1399","2,604.1499","2,631.6311","2,629.4802",21.7097,0.83%,2024/10/10,1403/07/19
"2,620.1899","2,605.1848","2,624.6450","2,607.7705",14.1743,0.54%,2024/10/09,1403/07/18
"2,643.50","2,604.7949","2,653.0950","2,621.9448",21.6335,0.83%,2024/10/08,1403/07/17
"2,651.2000","2,637.7000","2,659.9050","2,643.5784",8.6667,0.33%,2024/10/07,1403/07/16
"2,654.3899","2,631.9951","2,670.1533","2,652.2451",3.6509,0.14%,2024/10/04,1403/07/13
"2,658.6550","2,639.7300","2,663.3999","2,655.8960",1.8589,0.07%,2024/10/03,1403/07/12
"2,661.1499","2,641.1799","2,663.8550","2,657.7549",5.0664,0.19%,2024/10/02,1403/07/11
"2,635.4099","2,631.9751","2,673.1951","2,662.8213",28.3274,1.08%,2024/10/01,1403/07/10
"2,658.3000","2,624.7800","2,666.1086","2,634.4939",23.4736,0.89%,2024/09/30,1403/07/09
"2,669.50","2,643.1450","2,674.3950","2,657.9675",12.2324,0.46%,2024/09/27,1403/07/06
"2,657.3201","2,654.5649","2,685.9600","2,670.2000",13.3789,0.5%,2024/09/26,1403/07/05
"2,655.8999","2,649.8450","2,670.6001","2,656.8210",0.1218,-,2024/09/25,1403/07/04
"2,628.9199","2,622.5850","2,664.4717","2,656.6992",28.3005,1.08%,2024/09/24,1403/07/03
"2,621.8101","2,613.6001","2,635.5449","2,628.3987",6.4419,0.25%,2024/09/23,1403/07/02
